"DESCRIPTION","DURATION IN MS","NAME","PARENT SUITE","START TIME","STATUS","STOP TIME","SUB SUITE","SUITE","TEST CLASS","TEST METHOD"
"","5958","test_form[data5]","tests","2026-08-10","passed","2026-08-10","","test_form","",""
"","16230","test_form[data4]","tests","2026-08-10","failed","2026-08-10","","test_form","",""
"","3976","test_form[data6]","tests","2026-08-10","passed","2026-08-10","","test_form","",""
"","16551","test_form[data2]","tests","2026-08-10","failed","2026-08-10","","test_form","",""
"","5718","test_form[data0]","tests","2026-08-10","passed","2026-08-10","","test_form","",""
"","5482","test_form[data7]","tests","2026-08-10","passed","2026-08-10","","test_form","",""
"","4586","test_form[data1]","tests","2026-08-10","passed","2026-08-10","","test_form","",""
"","17797","test_form[data8]","tests","2026-08-10","failed","2026-08-10","","test_form","",""
"","4644","test_form[data9]","tests","2026-08-10","passed","2026-08-10","","test_form","",""
"","17412","test_form[data3]","tests","2026-08-10","failed","2026-08-10","","test_form","",""
